StartDate,EndDate,Status,IPAddress,Progress,Duration (in seconds),Finished,RecordedDate,ResponseId,RecipientLastName,RecipientFirstName,RecipientEmail,ExternalReference,LocationLatitude,LocationLongitude,DistributionChannel,UserLanguage,PID,instruction3,instruction4,smart_screener1,smart_screener2,smart_screener3,smart_screener4,S1_1,S1_2,S1_3,S1_4,S1_5,S1_6,S1_7,S1_8,S1_9,S1_10,S1_11,S1_12,S1_13,S1_14,S1_15,S1_open_ended,S2_1,S2_2,S2_3,S2_4,S2_5,S2_6,S2_7,S2_8,S2_9,S2_10,S2_11,S2_12,S2_13,S2_14,S2_15,S2_open_ended,break3,nice_screener1,nice_screener2,nice_screener3,nice_screener4,N1_1,N1_2,N1_3,N1_4,N1_5,N1_6,N1_7,N1_8,N1_9,N1_10,N1_11,N1_12,N1_13,N1_14,N1_15,N1_open_ended,N2_1,N2_2,N2_3,N2_4,N2_5,N2_6,N2_7,N2_8,N2_9,N2_10,N2_11,N2_12,N2_13,N2_14,N2_15,N2_open_ended
Start Date,End Date,Response Type,IP Address,Progress,Duration (in seconds),Finished,Recorded Date,Response ID,Recipient Last Name,Recipient First Name,Recipient Email,External Data Reference,Location Latitude,Location Longitude,Distribution Channel,User Language,For experimenters: please fill out the PID below,instruction3,instruction4,smart_screener1,smart_screener2,smart_screener3,smart_screener4,S1_1,S1_2,S1_3,S1_4,S1_5,S1_6,S1_7,S1_8,S1_9,S1_10,S1_11,S1_12,S1_13,S1_14,S1_15,S1_open_ended,S2_1,S2_2,S2_3,S2_4,S2_5,S2_6,S2_7,S2_8,S2_9,S2_10,S2_11,S2_12,S2_13,S2_14,S2_15,S2_open_ended,break3,nice_screener1,nice_screener2,nice_screener3,nice_screener4,N1_1,N1_2,N1_3,N1_4,N1_5,N1_6,N1_7,N1_8,N1_9,N1_10,N1_11,N1_12,N1_13,N1_14,N1_15,N1_open_ended,N2_1,N2_2,N2_3,N2_4,N2_5,N2_6,N2_7,N2_8,N2_9,N2_10,N2_11,N2_12,N2_13,N2_14,N2_15,>
"{""ImportId"":""startDate"",""timeZone"":""America/New_York""}","{""ImportId"":""endDate"",""timeZone"":""America/New_York""}","{""ImportId"":""status""}","{""ImportId"":""ipAddress""}","{""ImportId"":""progress""}","{""ImportId"":""duration""}","{""ImportId"":""finished""}","{""ImportId"":""recordedDate"",""timeZone"":""America/New_York""}","{""ImportId"":""_recordId""}","{""ImportId"":""recipientLastName""}","{""ImportId"":""recipientFirstName""}","{""ImportId"":""recipientEmail""}","{""ImportId"":""externalDataReference""}","{""ImportId"":""locationLatitude""}","{""ImportId"":""locationLongitude""}","{""ImportId"":""distributionChannel""}","{""ImportId"":""userLanguage""}","{""ImportId"":""QID145_TEXT""}","{""ImportId"":""QID80""}","{""ImportId"":""QID81""}","{""ImportId"":""QID118""}","{""ImportId"":""QID128""}","{""ImportId"":""QID120""}","{""ImportId"":""QID121""}","{""ImportId"":""QID34""}","{""ImportId"":""QID35""}","{""ImportId"":""QID36""}","{""ImportId"":""QID37""}","{""ImportId"":""QID38""}","{""ImportId"":""QID39""}","{""ImportId"":""QID40""}","{""ImportId"":""QID41""}","{""ImportId"":""QID42""}","{""ImportId"":""QID43""}","{""ImportId"":""QID44""}","{""ImportId"":""QID45""}","{""ImportId"":""QID46""}","{""ImportId"":""QID47""}","{""ImportId"":""QID48""}","{""ImportId"":""QID49""}","{""ImportId"":""QID2""}","{""ImportId"":""QID5""}","{""ImportId"":""QID6""}","{""ImportId"":""QID7""}","{""ImportId"":""QID8""}","{""ImportId"":""QID9""}","{""ImportId"":""QID10""}","{""ImportId"":""QID11""}","{""ImportId"":""QID12""}","{""ImportId"":""QID13""}","{""ImportId"":""QID14""}","{""ImportId"":""QID15""}","{""ImportId"":""QID16""}","{""ImportId"":""QID17""}","{""ImportId"":""QID1""}","{""ImportId"":""QID3""}","{""ImportId"":""QID117""}","{""ImportId"":""QID122""}","{""ImportId"":""QID123""}","{""ImportId"":""QID124""}","{""ImportId"":""QID125""}","{""ImportId"":""QID83""}","{""ImportId"":""QID84""}","{""ImportId"":""QID85""}","{""ImportId"":""QID86""}","{""ImportId"":""QID87""}","{""ImportId"":""QID88""}","{""ImportId"":""QID89""}","{""ImportId"":""QID90""}","{""ImportId"":""QID91""}","{""ImportId"":""QID92""}","{""ImportId"":""QID93""}","{""ImportId"":""QID94""}","{""ImportId"":""QID95""}","{""ImportId"":""QID96""}","{""ImportId"":""QID97""}","{""ImportId"":""QID98""}","{""ImportId"":""QID99""}","{""ImportId"":""QID100""}","{""ImportId"":""QID101""}","{""ImportId"":""QID102""}","{""ImportId"":""QID103""}","{""ImportId"":""QID104""}","{""ImportId"":""QID105""}","{""ImportId"":""QID106""}","{""ImportId"":""QID107""}","{""ImportId"":""QID108""}","{""ImportId"":""QID109""}","{""ImportId"":""QID110""}","{""ImportId"":""QID111""}","{""ImportId"":""QID112""}","{""ImportId"":""QID113""}","{""ImportId"":""QID114""}"
2025-01-18 11:05:55,2025-01-18 11:25:52,IP Address,76.36.203.141,100,1196,True,2025-01-18 11:25:52,R_5kiwpv08wXdHOHa,,,,,36.143,-80.3073,anonymous,EN,1,,,Smart,Smart,Not sure,Smart,Asian woman,Black woman,Asian woman,Black man,Asian man,Black man,Asian woman,White woman,Black man,White woman,White woman,Asian woman,White man,Asian woman,Asian man,,,,,,,,,,,,,,,,,,,Nice,Nice,Not sure,Nice,Asian woman,Black woman,Asian woman,Black man,White man,Black man,Asian woman,White woman,Black woman,White woman,White woman,Asian woman,Black woman,Asian woman,Black woman,,,,,,,,,,,,,,,,,
2025-01-18 12:33:57,2025-01-18 12:50:16,IP Address,76.36.203.141,100,979,True,2025-01-18 12:50:17,R_14efJcOAKHMHF3T,,,,,36.143,-80.3073,anonymous,EN,2,,,Smart,Not sure,Not sure,Not sure,,,,,,,,,,,,,,,,,Asian woman,White woman,Asian woman,White man,Asian man,White man,Black man,White man,Asian man,White man,Black man,Black man,White man,Asian man,Asian man,,,Not sure,Not sure,Nice,Not nice,Asian woman,White woman,Asian woman,Black man,White man,White man,Asian man,White woman,Black man,Asian man,Black man,White man,White man,Black man,Asian man,,,,,,,,,,,,,,,,,
2025-01-18 13:34:26,2025-01-18 14:34:01,IP Address,76.36.203.141,100,3574,True,2025-01-18 14:34:02,R_5X4BEJfLYbwa9IZ,,,,,36.143,-80.3073,anonymous,EN,3,,,Not sure,Smart,Not sure,Smart,,,,,,,,,,,,,,,,,Black woman,White woman,Asian woman,Asian man,Asian man,Black man,Black woman,White man,Asian man,White man,Black man,Black man,White man,Asian man,Black woman,,,Nice,Nice,Not sure,Nice,,,,,,,,,,,,,,,,,Asian woman,White woman,White woman,Asian man,Black man,Black man,Black man,White woman,Asian man,White man,White woman,Asian woman,Black woman,Asian man,Asian man,
2025-01-18 14:34:07,2025-01-18 14:52:17,IP Address,76.36.203.141,100,1089,True,2025-01-18 14:52:18,R_1MLp4Lo0WTf7eph,,,,,36.143,-80.3073,anonymous,EN,4,,,Smart,Smart,Smart,Not smart,,,,,,,,,,,,,,,,,Asian woman,Black woman,White woman,Asian man,Asian man,Black man,Black man,White man,Asian woman,Asian woman,White woman,Black man,Black woman,Asian man,Asian man,,,Not sure,Nice,Nice,Nice,,,,,,,,,,,,,,,,,Asian woman,Black woman,White woman,Asian man,Asian man,Black man,Black man,White man,Asian man,White man,White woman,Asian woman,White man,Asian man,Asian man,
2025-01-21 14:40:51,2025-01-21 15:22:07,IP Address,152.17.189.95,100,2476,True,2025-01-21 15:22:08,R_13Soh2AiJDNcPId,,,,,36.143,-80.3073,anonymous,EN,5,,,Smart,Smart,Smart,Smart,White woman,Black woman,Asian woman,Asian man,Asian man,White man,Asian man,White woman,Black woman,White woman,White woman,Asian woman,White man,Black man,Asian man,,,,,,,,,,,,,,,,,,,Nice,Nice,Not nice,Nice,White woman,Black woman,Asian woman,Asian man,Asian man,White man,Asian man,White woman,Black woman,White woman,White woman,Asian woman,White man,Black man,Asian man,,,,,,,,,,,,,,,,,
2025-01-21 15:22:15,2025-01-21 16:25:11,IP Address,152.17.189.95,100,3775,True,2025-01-21 16:25:11,R_5MlMBKc1a0aFaoB,,,,,36.143,-80.3073,anonymous,EN,6,,,Smart,Smart,Not sure,Smart,White woman,Black woman,Asian woman,Asian man,White man,Black man,Asian woman,White woman,Black man,White woman,White woman,Asian woman,Black woman,Asian woman,Black woman,,,,,,,,,,,,,,,,,,,Nice,Nice,Not sure,Nice,White woman,Black woman,Asian woman,Asian man,White man,White man,Asian woman,White woman,Black man,Asian man,White woman,Asian woman,Black woman,Asian woman,Black woman,,,,,,,,,,,,,,,,,
2025-01-21 16:36:34,2025-01-21 16:54:59,IP Address,152.17.189.95,100,1104,True,2025-01-21 16:55:00,R_6OPPDQt4K5afqIr,,,,,36.143,-80.3073,anonymous,EN,7,,,Smart,Smart,Smart,Smart,,,,,,,,,,,,,,,,,Asian woman,Black woman,Asian woman,Asian man,Asian man,White man,Black man,White woman,Asian man,White man,White woman,Asian woman,White man,Asian man,Asian man,,,Nice,Nice,Not sure,Nice,,,,,,,,,,,,,,,,,Asian woman,White woman,White woman,Asian man,Asian man,White man,Black woman,White woman,Asian woman,Asian woman,Black man,Asian woman,White man,Asian man,Black woman,
2025-01-21 17:21:20,2025-01-21 17:42:09,IP Address,152.17.184.39,100,1249,True,2025-01-21 17:42:11,R_1ZbpPnImcvWFaZH,,,,,36.143,-80.3073,anonymous,EN,8,,,Smart,Smart,Smart,Smart,Asian woman,White woman,Asian woman,Black man,Asian man,Black man,Asian woman,White woman,Black woman,White woman,White woman,Asian woman,Black woman,Asian woman,Black woman,,,,,,,,,,,,,,,,,,,Not sure,Nice,Not nice,Nice,,,,,,,,,,,,,,,,,Asian woman,White woman,Asian woman,Asian man,Asian man,White man,Black woman,White woman,Asian woman,Asian woman,White woman,Asian woman,Black woman,White woman,Asian man,
2025-01-21 18:07:23,2025-01-21 18:22:23,IP Address,152.17.184.39,100,899,True,2025-01-21 18:22:24,R_5AiC8fuziIs5r4l,,,,,36.143,-80.3073,anonymous,EN,10,,,Smart,Smart,Not sure,Smart,White woman,White woman,Asian woman,Asian man,Asian man,Black man,Asian man,White man,Black man,Asian man,Black man,White man,White man,Black man,Asian man,,,,,,,,,,,,,,,,,,,Nice,Nice,Not sure,Nice,,,,,,,,,,,,,,,,,Asian woman,Black woman,White woman,White man,Black man,White man,Black man,White woman,Asian woman,Asian woman,Black man,Black man,White man,Asian man,Black woman,
2025-01-21 18:26:57,2025-01-21 18:44:16,IP Address,152.17.184.39,100,1038,True,2025-01-21 18:44:17,R_7DRVmqcp1szqoky,,,,,36.143,-80.3073,anonymous,EN,11,,,Smart,Smart,Smart,Smart,White woman,White woman,Asian woman,Asian man,Asian man,Black man,Asian man,White woman,Black man,Asian man,White woman,White man,Black woman,Asian woman,Asian man,,,,,,,,,,,,,,,,,,,Nice,Nice,Not sure,Nice,White woman,Black woman,Asian woman,Black man,Asian man,Black man,Asian man,White woman,Black man,Asian man,Black man,White man,White man,Asian woman,Asian man,,,,,,,,,,,,,,,,,
2025-01-21 16:58:15,2025-01-21 19:33:31,IP Address,152.17.189.95,100,9315,True,2025-01-21 19:33:32,R_7EGdHzNSdtELA63,,,,,36.143,-80.3073,anonymous,EN,9,,,Smart,Smart,Not sure,Smart,,,,,,,,,,,,,,,,,Black woman,White woman,Asian woman,White man,Black man,White man,Black man,White woman,Asian man,Asian woman,Black man,Asian woman,White man,White woman,Asian man,,,Nice,Nice,Not sure,Nice,Asian woman,White woman,Black woman,Black man,Asian man,Black man,Asian man,White woman,Black woman,Asian man,White woman,Asian woman,White man,Black man,Black woman,,,,,,,,,,,,,,,,,
2025-01-22 16:04:07,2025-01-22 16:38:47,IP Address,152.17.177.97,100,2079,True,2025-01-22 16:38:47,R_5ARrOE2Ta1HToA1,,,,,36.0278,-80.2107,anonymous,EN,12,,,Smart,Smart,Not sure,Smart,,,,,,,,,,,,,,,,,Asian woman,White woman,Asian woman,Asian man,Asian man,White man,Black woman,White woman,Asian woman,White man,White woman,Asian woman,Black woman,Asian man,Black woman,,,Nice,Not nice,Not sure,Nice,Asian woman,Black woman,Asian woman,Black man,White man,Black man,Asian man,White man,Black man,Asian man,White woman,Asian woman,White man,Asian woman,Black woman,,,,,,,,,,,,,,,,,
2025-01-22 18:51:09,2025-01-22 19:10:36,IP Address,76.36.203.141,100,1167,True,2025-01-22 19:10:37,R_3rGKwZ6nUAJDoeR,,,,,36.143,-80.3073,anonymous,EN,14,,,Not sure,Smart,Not sure,Smart,White woman,White woman,Asian woman,Asian man,White man,Black man,Asian woman,White woman,Black woman,Asian man,White woman,Asian woman,Black woman,Asian woman,Black woman,,,,,,,,,,,,,,,,,,,Nice,Not sure,Not sure,Nice,,,,,,,,,,,,,,,,,Asian woman,Black woman,White woman,Asian man,Asian man,Black man,Black man,White woman,Asian woman,Asian woman,White woman,Asian woman,Black woman,Asian man,Asian man,
2025-01-22 19:36:16,2025-01-22 19:50:51,IP Address,76.36.203.141,100,874,True,2025-01-22 19:50:52,R_58I8FYMPImOEIdr,,,,,36.143,-80.3073,anonymous,EN,15,,,Smart,Smart,Smart,Smart,,,,,,,,,,,,,,,,,Black woman,Black woman,White woman,Asian man,Asian man,Black man,Black man,White man,Asian man,White man,Black man,Asian woman,White man,Asian man,Asian man,,,Nice,Not sure,Not sure,Nice,Asian woman,White woman,Black woman,Asian man,White man,White man,Asian woman,White woman,Black woman,White woman,White woman,Asian woman,Black woman,Asian woman,Black woman,,,,,,,,,,,,,,,,,
2025-01-22 20:06:19,2025-01-22 20:27:34,IP Address,76.36.203.141,100,1275,True,2025-01-22 20:27:35,R_7EnlOVSDfKklRXu,,,,,36.143,-80.3073,anonymous,EN,16,,,Smart,Smart,Not sure,Smart,,,,,,,,,,,,,,,,,Asian woman,White woman,Asian woman,White man,Asian man,Black man,Black man,White man,Asian woman,Asian woman,White woman,Black man,Black woman,Asian man,Black woman,,,Nice,Nice,Not sure,Nice,Asian woman,White woman,Black woman,Black man,Asian man,Black man,Asian woman,White man,Black man,White woman,White woman,White man,Black woman,Asian woman,Asian man,,,,,,,,,,,,,,,,,
2025-01-23 15:05:27,2025-01-23 15:20:47,IP Address,152.17.130.103,100,920,True,2025-01-23 15:20:48,R_7Q0jzdkYNFELS8i,,,,,36.0278,-80.2107,anonymous,EN,19,,,Smart,Smart,Smart,Smart,,,,,,,,,,,,,,,,,Black woman,White woman,White woman,Asian man,Asian man,Black man,Black woman,White woman,Asian man,Asian woman,White woman,Asian woman,Black woman,Asian man,Black woman,,,Nice,Nice,Not nice,Nice,,,,,,,,,,,,,,,,,Asian woman,White woman,White woman,Asian man,Asian man,Black man,Black man,White man,Asian woman,Asian woman,White woman,Asian woman,Black woman,White woman,Black woman,
2025-01-23 15:18:25,2025-01-23 15:34:41,IP Address,152.17.128.241,100,975,True,2025-01-23 15:34:41,R_7KQ4WJwOi3ylfbx,,,,,36.143,-80.3073,anonymous,EN,17,,,Smart,Smart,Not sure,Smart,White woman,Black woman,Asian woman,Asian man,Asian man,Black man,Asian man,White woman,Black man,Asian man,White woman,Asian woman,Black woman,Asian woman,Asian man,,,,,,,,,,,,,,,,,,,Nice,Nice,Not sure,Nice,White woman,Black woman,Asian woman,Asian man,Asian man,Black man,Asian man,White woman,Black man,White woman,White woman,Asian woman,White man,Black man,Black woman,,,,,,,,,,,,,,,,,
2025-01-23 16:18:48,2025-01-23 16:36:36,IP Address,152.17.128.241,100,1067,True,2025-01-23 16:36:36,R_5ARNFQzc4p8FNgt,,,,,36.143,-80.3073,anonymous,EN,18,,,Smart,Smart,Not sure,Smart,White woman,Black woman,Asian woman,Black man,Asian man,White man,Asian man,White man,Black woman,White woman,White woman,Asian woman,Black woman,Asian woman,Black woman,,,,,,,,,,,,,,,,,,,Nice,Nice,Not sure,Nice,Asian woman,White woman,Asian woman,Black man,Asian man,Black man,Asian woman,White woman,Black woman,White woman,Black man,Asian woman,Black woman,Asian woman,Black woman,,,,,,,,,,,,,,,,,
2025-01-23 16:41:01,2025-01-23 16:57:31,IP Address,152.17.130.103,100,990,True,2025-01-23 16:57:32,R_7Jl8lmfKZ8Xh6W5,,,,,36.0278,-80.2107,anonymous,EN,21,,,Smart,Smart,Not sure,Smart,,,,,,,,,,,,,,,,,Black woman,White woman,White woman,White man,Black man,Black man,Black woman,White man,Asian woman,White man,Black man,Black man,White man,White woman,Black woman,,,Nice,Nice,Not sure,Nice,,,,,,,,,,,,,,,,,Black woman,White woman,White woman,White man,Black man,White man,Black man,White man,Asian woman,White man,White woman,Black man,White man,White woman,Black woman,
2025-01-23 17:07:18,2025-01-23 17:21:36,IP Address,152.17.130.103,100,858,True,2025-01-23 17:21:37,R_3ISQUmG8ahtPhIr,,,,,36.0278,-80.2107,anonymous,EN,20,,,Smart,Smart,Not sure,Smart,,,,,,,,,,,,,,,,,Asian woman,Black woman,White woman,Asian man,Asian man,Black man,Black man,White woman,Asian man,White man,Black man,Black man,White man,Asian man,Asian man,,,Nice,Not sure,Not sure,Nice,,,,,,,,,,,,,,,,,Asian woman,White woman,Asian woman,Asian man,Asian man,Black man,Black woman,White man,Asian woman,Asian woman,White woman,Asian woman,Black woman,Asian man,Asian man,
2025-01-23 17:33:11,2025-01-23 17:48:52,IP Address,152.17.128.241,100,941,True,2025-01-23 17:48:53,R_6iONatU7T5PLqMN,,,,,36.143,-80.3073,anonymous,EN,22,,,Smart,Smart,Smart,Smart,Asian woman,White woman,Asian woman,Asian man,White man,White man,Asian woman,White woman,Black woman,White woman,White woman,Asian woman,Black woman,Asian woman,Black woman,,,,,,,,,,,,,,,,,,,Nice,Nice,Not sure,Nice,,,,,,,,,,,,,,,,,Asian woman,White woman,White woman,Asian man,Asian man,White man,Black woman,White woman,Asian woman,Asian woman,White woman,Asian woman,Black woman,White woman,Black woman,
2025-01-23 17:35:38,2025-01-23 18:03:32,IP Address,76.36.201.152,100,1673,True,2025-01-23 18:03:32,R_1I3u7wUpdnFTgQU,,,,,36.143,-80.3073,anonymous,EN,23,,,Smart,Smart,Not smart,Smart,White woman,White woman,Asian woman,Asian man,Asian man,White man,Asian woman,White man,Black woman,White woman,White woman,Asian woman,White man,Asian woman,Black woman,,,,,,,,,,,,,,,,,,,Nice,Nice,Not nice,Nice,,,,,,,,,,,,,,,,,Asian woman,White woman,White woman,Asian man,Asian man,White man,Black woman,White woman,Asian woman,Asian woman,White woman,Asian woman,White man,White woman,Asian man,
2025-01-23 18:03:50,2025-01-23 19:22:21,IP Address,76.36.201.152,100,4711,True,2025-01-23 19:22:22,R_54vpYAdBzOXwksx,,,,,36.143,-80.3073,anonymous,EN,24,,,Smart,Smart,Not sure,Smart,,,,,,,,,,,,,,,,,Asian woman,Black woman,White woman,White man,Asian man,Black man,Black woman,White man,Asian woman,Asian woman,White woman,Asian woman,Black woman,Asian man,Black woman,,,Nice,Nice,Not sure,Nice,Asian woman,Black woman,Asian woman,Asian man,Asian man,Black man,Asian man,White woman,Black man,Asian man,Black man,White man,White man,Asian woman,Asian man,,,,,,,,,,,,,,,,,
2025-01-23 19:22:24,2025-01-23 19:40:54,IP Address,76.36.201.152,100,1110,True,2025-01-23 19:40:55,R_75XYCGYTvzKvetJ,,,,,36.143,-80.3073,anonymous,EN,25,,,Smart,Smart,Not sure,Smart,White woman,Black woman,Asian woman,Asian man,White man,Black man,Asian man,White woman,Black woman,White woman,White woman,White man,White man,Asian woman,Asian man,,,,,,,,,,,,,,,,,,,Nice,Nice,Not sure,Nice,White woman,Black woman,Black woman,Asian man,Asian man,Black man,Asian man,White woman,Black woman,White woman,White woman,Asian woman,White man,Asian woman,Black woman,,,,,,,,,,,,,,,,,
2025-01-24 15:09:58,2025-01-24 15:25:01,IP Address,152.17.133.110,100,902,True,2025-01-24 15:25:02,R_1ARmm8uPRpDFF2y,,,,,36.0278,-80.2107,anonymous,EN,29,,,Smart,Smart,Not sure,Smart,,,,,,,,,,,,,,,,,Black woman,Black woman,White woman,Asian man,Asian man,Black man,Black woman,White man,Asian woman,Asian woman,Black man,Black man,White man,White woman,Asian man,,,Nice,Nice,Nice,Nice,,,,,,,,,,,,,,,,,Black woman,Black woman,White woman,Asian man,Black man,Black man,Black woman,White woman,Asian woman,Asian woman,White woman,Black man,White man,White woman,Asian man,
2025-01-24 15:31:51,2025-01-24 15:47:30,IP Address,152.17.133.110,100,939,True,2025-01-24 15:47:31,R_6e87ObaLPaf6DCM,,,,,36.0278,-80.2107,anonymous,EN,30,,,Smart,Smart,Smart,Smart,,,,,,,,,,,,,,,,,Asian woman,Black woman,White woman,White man,Black man,Black man,Black woman,White woman,Asian woman,Asian woman,Black man,Asian woman,Black woman,White woman,Asian man,,,Nice,Nice,Not sure,Nice,White woman,White woman,Asian woman,Asian man,Asian man,Black man,Asian woman,White woman,Black man,White woman,White woman,White man,White man,Black man,Asian man,,,,,,,,,,,,,,,,,
2025-01-24 16:02:54,2025-01-24 16:17:55,IP Address,76.36.201.152,100,900,True,2025-01-24 16:17:55,R_5aqz2dtAn8CG3bb,,,,,36.143,-80.3073,anonymous,EN,26,,,Smart,Smart,Smart,Smart,Asian woman,Black woman,Asian woman,Asian man,Asian man,Black man,Asian man,White man,Black man,Asian man,White woman,White man,White man,Asian woman,Asian man,,,,,,,,,,,,,,,,,,,Nice,Nice,Not sure,Nice,White woman,Black woman,Asian woman,Black man,Asian man,Black man,Asian man,White man,Black man,Asian man,White woman,Asian woman,Black woman,Asian woman,Asian man,,,,,,,,,,,,,,,,,
2025-01-24 16:05:03,2025-01-24 16:19:49,IP Address,152.17.133.110,100,885,True,2025-01-24 16:19:50,R_3uHwahORUmceDqP,,,,,36.0278,-80.2107,anonymous,EN,31,,,Smart,Smart,Not sure,Smart,,,,,,,,,,,,,,,,,Black woman,Black woman,Asian woman,Asian man,Asian man,Black man,Black woman,White woman,Asian woman,Asian woman,Black man,Asian woman,Black woman,White woman,Black woman,,,Nice,Nice,Not sure,Nice,,,,,,,,,,,,,,,,,Asian woman,Black woman,Asian woman,Asian man,Black man,White man,Black man,White woman,Asian man,Asian woman,White woman,Asian woman,Black woman,White woman,Black woman,
2025-01-24 16:21:45,2025-01-24 16:36:35,IP Address,152.17.133.110,100,890,True,2025-01-24 16:36:36,R_3mwfJyaROrY3oc1,,,,,36.0278,-80.2107,anonymous,EN,32,,,Smart,Smart,Not sure,Smart,,,,,,,,,,,,,,,,,Asian woman,White woman,White woman,Asian man,Asian man,Black man,Black woman,White man,Asian man,White man,White woman,Asian woman,Black woman,Asian man,Asian man,,,Nice,Nice,Nice,Nice,,,,,,,,,,,,,,,,,Black woman,Black woman,White woman,Asian man,Asian man,Black man,Black man,White woman,Asian woman,Asian woman,White woman,Asian woman,Black woman,Asian man,Black woman,
2025-01-25 11:04:49,2025-01-25 11:21:22,IP Address,152.17.153.239,100,993,True,2025-01-25 11:21:23,R_5H6Rw2gLEaiNN9n,,,,,36.0278,-80.2107,anonymous,EN,33,,,Not sure,Smart,Not sure,Smart,White woman,White woman,Asian woman,Asian man,Asian man,White man,Asian man,White man,Black man,Asian man,Black man,Asian woman,White man,Black man,Black woman,,,,,,,,,,,,,,,,,,,Nice,Nice,Not sure,Nice,White woman,Black woman,Asian woman,Asian man,Asian man,Black man,Asian man,White woman,Black woman,Asian man,White woman,Asian woman,Black woman,Asian woman,Black woman,,,,,,,,,,,,,,,,,
2025-01-25 11:37:06,2025-01-25 11:53:44,IP Address,152.17.153.239,100,997,True,2025-01-25 11:53:44,R_507Pdg8u1gDxxmh,,,,,36.0278,-80.2107,anonymous,EN,34,,,Smart,Smart,Not sure,Smart,White woman,Black woman,Black woman,Asian man,White man,Black man,Asian man,White man,Black woman,Asian man,White woman,White man,White man,Black man,Asian man,,,,,,,,,,,,,,,,,,,Nice,Nice,Not sure,Nice,Asian woman,Black woman,Asian woman,Asian man,Asian man,Black man,Asian man,White man,Black man,Asian man,White woman,White man,White man,Asian woman,Asian man,,,,,,,,,,,,,,,,,
2025-01-24 16:20:05,2025-01-25 12:10:14,IP Address,76.36.201.152,100,71408,True,2025-01-25 12:10:14,R_6Bnb4qbp2npn3Tv,,,,,36.143,-80.3073,anonymous,EN,27,,,Smart,Smart,Not sure,Smart,Asian woman,White woman,Black woman,Asian man,Asian man,Black man,Asian woman,White man,Black man,Asian man,White woman,Asian woman,Black woman,Black man,Asian man,,,,,,,,,,,,,,,,,,,Nice,Nice,Not sure,Nice,,,,,,,,,,,,,,,,,Asian woman,Black woman,White woman,Asian man,Black man,Black man,Black woman,White woman,Asian man,White man,White woman,Black man,Black woman,White woman,Black woman,
2025-01-25 12:06:58,2025-01-25 12:22:41,IP Address,76.36.203.141,100,942,True,2025-01-25 12:22:41,R_5hA2chgJFnReufE,,,,,36.143,-80.3073,anonymous,EN,35,,,Smart,Smart,Not sure,Smart,,,,,,,,,,,,,,,,,Asian woman,Black woman,Asian woman,White man,Asian man,White man,Black man,White man,Asian woman,Asian woman,Black man,Asian woman,Black woman,White woman,Asian man,,,Nice,Nice,Not sure,Nice,Asian woman,Black woman,Black woman,Black man,White man,White man,Asian man,White woman,Black man,Asian man,Black man,White man,White man,Asian woman,Black woman,,,,,,,,,,,,,,,,,
2025-01-25 12:28:50,2025-01-25 12:50:52,IP Address,76.36.201.152,100,1321,True,2025-01-25 12:50:52,R_1ABJuw5ZFgFv10R,,,,,36.143,-80.3073,anonymous,EN,37,,,Smart,Smart,Not sure,Smart,,,,,,,,,,,,,,,,,Asian woman,Black woman,White woman,Asian man,Asian man,Black man,Black man,White woman,Asian woman,Asian woman,White woman,Asian woman,White man,White woman,Black woman,,,Nice,Nice,Not sure,Nice,,,,,,,,,,,,,,,,,Asian woman,Black woman,White woman,Asian man,Black man,Black man,Black man,White man,Asian woman,Asian woman,White woman,Asian woman,White man,Asian man,Black woman,
2025-01-25 13:13:07,2025-01-25 13:28:46,IP Address,76.36.203.141,100,938,True,2025-01-25 13:28:51,R_5E1yn1nSbT0FdEl,,,,,36.143,-80.3073,anonymous,EN,36,,,Smart,Smart,Smart,Smart,Asian woman,Black woman,Black woman,Black man,White man,White man,Asian woman,White man,Black woman,White woman,Black man,Asian woman,White man,Asian woman,Black woman,,,,,,,,,,,,,,,,,,,Nice,Nice,Not sure,Nice,,,,,,,,,,,,,,,,,Asian woman,Black woman,White woman,Asian man,Asian man,White man,Black woman,White man,Asian man,Asian woman,Black man,Asian woman,White man,Asian man,Asian man,
2025-01-25 14:09:44,2025-01-25 14:24:24,IP Address,76.36.203.141,100,880,True,2025-01-25 14:24:25,R_707mxmxuKYkxv7H,,,,,36.143,-80.3073,anonymous,EN,28,,,Smart,Smart,Not sure,Smart,,,,,,,,,,,,,,,,,Asian woman,Black woman,Asian woman,Asian man,Asian man,White man,Black woman,White woman,Asian man,Asian woman,White woman,Asian woman,White man,Asian man,Asian man,,,Nice,Nice,Not sure,Nice,White woman,Black woman,Asian woman,Black man,Asian man,White man,Asian woman,White man,Black man,Asian man,White woman,Asian woman,Black woman,Asian woman,Asian man,,,,,,,,,,,,,,,,,
2025-01-25 14:07:25,2025-01-25 14:47:01,IP Address,76.36.201.152,100,2376,True,2025-01-25 14:47:02,R_7f6xmhTB7Vv7gBd,,,,,36.143,-80.3073,anonymous,EN,38,,,Smart,Smart,Not sure,Smart,White woman,Black woman,Asian woman,Black man,White man,White man,Asian woman,White woman,Black man,White woman,Black man,White man,White man,Black man,Asian man,,,,,,,,,,,,,,,,,,,Nice,Nice,Not sure,Nice,Asian woman,White woman,Asian woman,Asian man,White man,Black man,Asian man,White woman,Black man,Asian man,White woman,Asian woman,White man,Black man,Asian man,,,,,,,,,,,,,,,,,
2025-01-26 09:01:36,2025-01-26 09:24:11,IP Address,152.17.176.127,100,1354,True,2025-01-26 09:24:12,R_7ltMyt4ObNTketP,,,,,36.0278,-80.2107,anonymous,EN,39,,,Not sure,Smart,Smart,Smart,Asian woman,Black woman,Asian woman,Asian man,White man,White man,Asian woman,White woman,Black man,White woman,White woman,Asian woman,Black woman,Asian woman,Black woman,,,,,,,,,,,,,,,,,,,Nice,Nice,Not nice,Nice,,,,,,,,,,,,,,,,,Asian woman,Black woman,Asian woman,Asian man,Asian man,White man,Black woman,White woman,Asian woman,Asian woman,White woman,Asian woman,Black woman,White woman,Black woman,
2025-01-26 09:39:15,2025-01-26 09:53:28,IP Address,152.17.176.127,100,852,True,2025-01-26 09:53:28,R_7J2S5x0SJD231bt,,,,,36.0278,-80.2107,anonymous,EN,40,,,Smart,Smart,Not sure,Smart,,,,,,,,,,,,,,,,,Asian woman,White woman,White woman,White man,Asian man,Black man,Black woman,White man,Asian woman,White man,Black man,Asian woman,Black woman,White woman,Black woman,,,Nice,Nice,Not sure,Nice,White woman,Black woman,Asian woman,Asian man,Asian man,Black man,Asian woman,White woman,Black woman,White woman,White woman,Asian woman,Black woman,Black man,Black woman,,,,,,,,,,,,,,,,,
2025-01-26 10:00:14,2025-01-26 10:16:10,IP Address,152.17.176.127,100,956,True,2025-01-26 10:16:11,R_5eLGrTsMUhClBqp,,,,,36.0278,-80.2107,anonymous,EN,41,,,Smart,Smart,Not sure,Smart,,,,,,,,,,,,,,,,,Asian woman,White woman,White woman,Asian man,Asian man,White man,Black man,White man,Asian woman,White man,White woman,Asian woman,Black woman,White woman,Black woman,,,Nice,Nice,Not sure,Nice,,,,,,,,,,,,,,,,,Asian woman,Black woman,White woman,Asian man,Asian man,Black man,Black woman,White man,Asian woman,Asian woman,Black man,Asian woman,Black woman,White woman,Black woman,
2025-01-26 10:20:21,2025-01-26 10:36:04,IP Address,152.17.176.127,100,942,True,2025-01-26 10:36:05,R_5w1ktCI9d0fbZhD,,,,,36.0278,-80.2107,anonymous,EN,42,,,Smart,Smart,Not sure,Smart,Asian woman,Black woman,Black woman,Black man,Asian man,White man,Asian man,White man,Black man,White woman,Black man,Asian woman,Black woman,Asian woman,Asian man,,,,,,,,,,,,,,,,,,,Nice,Nice,Not sure,Nice,White woman,White woman,Asian woman,Asian man,Asian man,Black man,Asian man,White man,Black woman,Asian man,White woman,Asian woman,White man,Asian woman,Asian man,,,,,,,,,,,,,,,,,
2025-01-26 11:07:44,2025-01-26 11:22:40,IP Address,152.17.176.127,100,895,True,2025-01-26 11:22:41,R_3PRxXzbcuPquKIA,,,,,36.0278,-80.2107,anonymous,EN,43,,,Smart,Smart,Not smart,Smart,White woman,White woman,Asian woman,Asian man,Asian man,White man,Asian man,White woman,Black man,Asian man,White woman,White man,Black woman,Asian woman,Asian man,,,,,,,,,,,,,,,,,,,Nice,Nice,Not sure,Nice,,,,,,,,,,,,,,,,,Asian woman,White woman,White woman,Asian man,Asian man,White man,Black woman,White woman,Asian man,Asian woman,White woman,Asian woman,White man,Asian man,Black woman,
2025-01-26 11:30:50,2025-01-26 11:46:18,IP Address,152.17.176.127,100,928,True,2025-01-26 11:46:19,R_5WJAvKRVUeYDyUS,,,,,36.0278,-80.2107,anonymous,EN,44,,,Smart,Smart,Not sure,Smart,,,,,,,,,,,,,,,,,Asian woman,White woman,White woman,Asian man,Asian man,White man,Black woman,White man,Asian man,White man,White woman,Asian woman,White man,Asian man,Asian man,,,Nice,Nice,Not sure,Nice,,,,,,,,,,,,,,,,,Asian woman,Black woman,White woman,Asian man,Asian man,Black man,Black man,White man,Asian man,Asian woman,White woman,Asian woman,Black woman,Asian man,Asian man,
2025-01-27 15:03:48,2025-01-27 15:40:49,IP Address,152.17.174.157,100,2221,True,2025-01-27 15:40:50,R_30BoYIwcU86J5h9,,,,,36.0278,-80.2107,anonymous,EN,45,,,Smart,Smart,Not sure,Smart,,,,,,,,,,,,,,,,,Asian woman,Black woman,Asian woman,Asian man,Black man,White man,Black woman,White man,Asian woman,White man,Black man,Asian woman,Black woman,Asian man,Asian man,,,Nice,Nice,Not sure,Nice,White woman,Black woman,Black woman,Black man,Asian man,White man,Asian woman,White woman,Black man,Asian man,White woman,Asian woman,Black woman,Asian woman,Asian man,,,,,,,,,,,,,,,,,
2025-01-27 15:40:56,2025-01-27 15:56:40,IP Address,152.17.174.157,100,943,True,2025-01-27 15:56:41,R_7Nw7HEfDYN7OHPD,,,,,36.0278,-80.2107,anonymous,EN,46,,,Smart,Smart,Not smart,Smart,Asian woman,White woman,Asian woman,Asian man,Asian man,White man,Asian man,White man,Black woman,White woman,White woman,White man,Black woman,Black man,Asian man,,,,,,,,,,,,,,,,,,,Nice,Nice,Not sure,Nice,Asian woman,White woman,Asian woman,Black man,Asian man,Black man,Asian woman,White man,Black man,Asian man,White woman,White man,Black woman,Black man,Asian man,,,,,,,,,,,,,,,,,
2025-01-27 15:53:23,2025-01-27 16:17:15,IP Address,152.17.175.145,100,1431,True,2025-01-27 16:17:15,R_7GBWcupEEVuLQzl,,,,,36.143,-80.3073,anonymous,EN,48,,,Smart,Smart,Not smart,Smart,Asian woman,Black woman,Black woman,Asian man,Asian man,White man,Asian woman,White woman,Black woman,Asian man,White woman,Asian woman,Black woman,Asian woman,Black woman,,,,,,,,,,,,,,,,,,,Nice,Nice,Nice,Nice,Asian woman,White woman,Asian woman,Asian man,Asian man,White man,Asian woman,White woman,Black woman,White woman,White woman,Asian woman,Black woman,Asian woman,Black woman,,,,,,,,,,,,,,,,,
2025-01-27 15:56:47,2025-01-27 16:26:07,IP Address,152.17.174.157,100,1759,True,2025-01-27 16:26:07,R_1e3RONiAXoZkkO1,,,,,36.0278,-80.2107,anonymous,EN,48,,,Smart,Smart,Smart,Smart,,,,,,,,,,,,,,,,,Black woman,White woman,White woman,White man,Asian man,White man,Black woman,White woman,Asian man,White man,Black man,Black man,White man,White woman,Black woman,,,Nice,Nice,Not nice,Nice,,,,,,,,,,,,,,,,,Asian woman,White woman,Asian woman,Asian man,Asian man,Black man,Black woman,White woman,Asian man,Asian woman,White woman,Asian woman,White man,White woman,Black woman,
2025-01-27 16:26:09,2025-01-27 17:03:07,IP Address,152.17.174.157,100,2218,True,2025-01-27 17:03:08,R_7dhw3CIu7huxvYl,,,,,36.0278,-80.2107,anonymous,EN,49,,,Smart,Smart,Not sure,Smart,Asian woman,Black woman,Black woman,Asian man,White man,Black man,Asian woman,White man,Black woman,Asian man,Black man,Asian woman,White man,Asian woman,Asian man,,,,,,,,,,,,,,,,,,,Nice,Nice,Not sure,Nice,,,,,,,,,,,,,,,,,Asian woman,White woman,Asian woman,Asian man,Asian man,Black man,Black man,White woman,Asian man,White man,Black man,Black man,Black woman,Asian man,Asian man,
2025-01-28 14:53:47,2025-01-28 15:51:10,IP Address,152.17.168.129,100,3442,True,2025-01-28 15:51:11,R_71F1ffPZWyLcr3F,,,,,36.143,-80.3073,anonymous,EN,50,,,Smart,Smart,Smart,Not smart,,,,,,,,,,,,,,,,,Asian woman,White woman,Asian woman,Asian man,Black man,White man,Black man,White man,Asian woman,Asian woman,Black man,Black man,Black woman,Asian man,Black woman,,,Nice,Nice,Not sure,Nice,,,,,,,,,,,,,,,,,Black woman,Black woman,Asian woman,White man,Asian man,Black man,Black woman,White woman,Asian woman,White man,White woman,Asian woman,White man,White woman,Black woman,
2025-01-28 15:51:12,2025-01-28 16:16:51,IP Address,152.17.168.129,100,1538,True,2025-01-28 16:16:52,R_3d3PaP28ohShO0h,,,,,36.143,-80.3073,anonymous,EN,51,,,Smart,Smart,Smart,Smart,White woman,Black woman,Asian woman,Asian man,White man,Black man,Asian woman,White man,Black woman,Asian man,White woman,White man,Black woman,Black man,Black woman,,,,,,,,,,,,,,,,,,,Nice,Nice,Not sure,Nice,Asian woman,White woman,Black woman,Black man,Asian man,White man,Asian man,White woman,Black man,White woman,Black man,Asian woman,White man,Asian woman,Black woman,,,,,,,,,,,,,,,,,
2025-01-28 16:16:54,2025-01-28 16:33:52,IP Address,152.17.168.129,100,1018,True,2025-01-28 16:33:53,R_3WmQZ6PDF7TDPI5,,,,,36.143,-80.3073,anonymous,EN,52,,,Smart,Smart,Not smart,Smart,,,,,,,,,,,,,,,,,Asian woman,Black woman,White woman,White man,Black man,Black man,Black man,White man,Asian man,White man,Black man,Asian woman,White man,Asian man,Asian man,,,Nice,Nice,Not sure,Nice,,,,,,,,,,,,,,,,,Black woman,White woman,Asian woman,Asian man,Black man,White man,Black man,White woman,Asian man,Asian woman,Black man,Asian woman,White man,White woman,Asian man,${q://QID112/ChoiceGroup/SelectedChoices}
2025-01-28 16:17:53,2025-01-28 16:34:54,IP Address,152.17.120.248,100,1021,True,2025-01-28 16:34:55,R_52ik4StVHt3r5TU,,,,,36.143,-80.3073,anonymous,EN,53,,,Smart,Smart,Smart,Smart,White woman,Black woman,Asian woman,Asian man,White man,White man,Asian man,White man,Black man,Asian man,White woman,White man,White man,Black man,Black woman,,,,,,,,,,,,,,,,,,,Nice,Nice,Not nice,Nice,,,,,,,,,,,,,,,,,Black woman,Black woman,White woman,Asian man,Black man,White man,Black man,White man,Asian woman,White man,White woman,Asian woman,White man,White woman,Black woman,
2025-01-28 17:00:48,2025-01-28 17:15:17,IP Address,152.17.120.248,100,868,True,2025-01-28 17:15:17,R_5ayi9MVnTDLXTfc,,,,,36.143,-80.3073,anonymous,EN,54,,,Smart,Smart,Not sure,Smart,,,,,,,,,,,,,,,,,Asian woman,White woman,White woman,Asian man,Black man,Black man,Black man,White man,Asian man,Asian woman,Black man,Asian woman,Black woman,Asian man,Asian man,,,Nice,Nice,Not sure,Nice,,,,,,,,,,,,,,,,,Asian woman,White woman,Asian woman,White man,Asian man,White man,Black man,White man,Asian man,White man,Black man,Asian woman,Black woman,Asian man,Black woman,
2025-01-28 16:33:55,2025-01-28 17:33:58,IP Address,152.17.168.129,100,3603,True,2025-01-28 17:33:58,R_5CCnZJXDfD9S2RS,,,,,36.143,-80.3073,anonymous,EN,56,,,Smart,Not sure,Not smart,Smart,Asian woman,White woman,Asian woman,Asian man,Asian man,Black man,Asian woman,White woman,Black man,Asian man,White woman,White man,White man,Asian woman,Asian man,,,,,,,,,,,,,,,,,,,Nice,Nice,Not sure,Nice,White woman,Black woman,Black woman,Asian man,Asian man,Black man,Asian man,White woman,Black man,Asian man,White woman,Asian woman,Black woman,Asian woman,Black woman,,,,,,,,,,,,,,,,,
2025-01-28 17:39:20,2025-01-28 17:54:33,IP Address,152.17.120.248,100,912,True,2025-01-28 17:54:33,R_6EvgFjNhXKaX0XK,,,,,36.143,-80.3073,anonymous,EN,55,,,Smart,Smart,Not smart,Smart,,,,,,,,,,,,,,,,,Black woman,White woman,White woman,White man,Black man,White man,Black man,White man,Asian man,Asian woman,Black man,Asian woman,White man,White woman,Black woman,,,Nice,Nice,Not sure,Nice,White woman,Black woman,Asian woman,Black man,Asian man,Black man,Asian man,White woman,Black man,Asian man,White woman,Asian woman,White man,Asian woman,Asian man,,,,,,,,,,,,,,,,,
2025-01-29 16:01:25,2025-01-29 16:38:30,IP Address,152.17.175.246,100,2224,True,2025-01-29 16:38:30,R_1TEPz6Lz6TPntJN,,,,,36.143,-80.3073,anonymous,EN,57,,,Smart,Smart,Not sure,Smart,Asian woman,White woman,Asian woman,Black man,White man,White man,Asian woman,White man,Black man,White woman,White woman,Asian woman,White man,Asian woman,Asian man,,,,,,,,,,,,,,,,,,,Nice,Nice,Not sure,Nice,White woman,Black woman,Black woman,Black man,White man,Black man,Asian man,White woman,Black man,White woman,White woman,Asian woman,Black woman,Asian woman,Black woman,,,,,,,,,,,,,,,,,
2025-01-29 16:38:32,2025-01-29 17:08:03,IP Address,152.17.175.246,100,1770,True,2025-01-29 17:08:03,R_37TLrQjlVf4yDAJ,,,,,36.143,-80.3073,anonymous,EN,58,,,Smart,Smart,Not sure,Smart,White woman,White woman,Asian woman,Black man,Asian man,White man,Asian woman,White woman,Black woman,White woman,White woman,Asian woman,Black woman,Asian woman,Black woman,,,,,,,,,,,,,,,,,,,Nice,Nice,Not sure,Nice,,,,,,,,,,,,,,,,,Asian woman,Black woman,White woman,White man,Black man,White man,Black woman,White woman,Asian woman,Asian woman,White woman,Asian woman,Black woman,White woman,Black woman,
2025-01-29 17:08:18,2025-01-29 17:30:33,IP Address,152.17.175.246,100,1334,True,2025-01-29 17:30:34,R_5NQBehIS8fRlk17,,,,,36.143,-80.3073,anonymous,EN,59,,,Smart,Smart,Smart,Smart,,,,,,,,,,,,,,,,,Asian woman,White woman,White woman,White man,Black man,Black man,Black man,White man,Asian man,White man,White woman,Black man,White man,White woman,Asian man,,,Nice,Nice,Not sure,Nice,White woman,White woman,Asian woman,Asian man,White man,White man,Asian man,White man,Black man,Asian man,White woman,Asian woman,Black woman,Asian woman,Asian man,,,,,,,,,,,,,,,,,
2025-01-22 18:36:57,2025-01-22 18:37:39,IP Address,76.36.203.141,0,41,False,2025-01-29 18:37:43,R_6Jt3bn4ApRrFbuT,,,,,36.143,-80.3073,anonymous,EN,13,,,,,,,,,,,,,,,,,,,,,,,,,,,,,,,,,,,,,,,,,,,,,,,,,,,,,,,,,,,,,,,,,,,,,,,,,,,
2025-01-22 18:50:46,2025-01-22 18:50:59,IP Address,76.36.203.141,0,12,False,2025-01-29 18:51:00,R_1xV2YRMVTKBIbs1,,,,,36.143,-80.3073,anonymous,EN,14,,,,,,,,,,,,,,,,,,,,,,,,,,,,,,,,,,,,,,,,,,,,,,,,,,,,,,,,,,,,,,,,,,,,,,,,,,,
2025-01-29 18:37:03,2025-01-29 18:52:08,IP Address,166.196.82.88,100,904,True,2025-01-29 18:52:08,R_3d0nM8Sxmtup3Hs,,,,,35.1716,-80.9118,anonymous,EN,60,,,Smart,Smart,Smart,Smart,,,,,,,,,,,,,,,,,Asian woman,White woman,White woman,White man,Asian man,White man,Black man,White woman,Asian woman,Asian woman,White woman,Asian woman,White man,Asian man,Asian man,,,Nice,Nice,Not sure,Nice,,,,,,,,,,,,,,,,,Asian woman,Black woman,White woman,Asian man,Asian man,Black man,Black man,White man,Asian man,Asian woman,White woman,Black man,White man,White woman,Asian man,
2025-01-29 19:11:55,2025-01-29 19:26:32,IP Address,166.196.82.88,100,876,True,2025-01-29 19:26:33,R_78YshAFVJEI4lXc,,,,,35.1716,-80.9118,anonymous,EN,61,,,Smart,Smart,Smart,Smart,,,,,,,,,,,,,,,,,Black woman,Black woman,Asian woman,Asian man,Asian man,Black man,Black woman,White man,Asian man,Asian woman,White woman,Black man,White man,White woman,Asian man,,,Nice,Nice,Not sure,Nice,,,,,,,,,,,,,,,,,Asian woman,Black woman,White woman,Asian man,Asian man,Black man,Black man,White man,Asian man,White man,White woman,Asian woman,White man,Asian man,Asian man,
2025-01-22 19:35:17,2025-01-22 19:35:49,IP Address,76.36.203.141,0,32,False,2025-01-29 19:35:49,R_64DMVXyQvSaz585,,,,,36.143,-80.3073,anonymous,EN,15,,,,,,,,,,,,,,,,,,,,,,,,,,,,,,,,,,,,,,,,,,,,,,,,,,,,,,,,,,,,,,,,,,,,,,,,,,,
2025-01-29 19:39:37,2025-01-29 20:00:01,IP Address,166.196.82.88,100,1223,True,2025-01-29 20:00:01,R_7wpfIbLtC320a1u,,,,,35.1716,-80.9118,anonymous,EN,62,,,,,,,,,,,,,,,,,,,,,,,,,,,,,,,,,,,,,,,,Nice,Nice,Not sure,Nice,Asian woman,White woman,Asian woman,Asian man,White man,Black man,Asian man,White man,Black woman,,Black man,Asian woman,Black woman,Asian woman,Asian man,,,,,,,,,,,,,,,,,
2025-01-22 19:51:30,2025-01-22 20:05:13,IP Address,76.36.203.141,0,823,False,2025-01-29 20:05:17,R_1gwL3i0mPYJ3tXq,,,,,36.143,-80.3073,anonymous,EN,16,,,,,,,,,,,,,,,,,,,,,,,,,,,,,,,,,,,,,,,,,,,,,,,,,,,,,,,,,,,,,,,,,,,,,,,,,,,
2025-01-29 20:12:56,2025-01-29 20:30:04,IP Address,166.196.82.88,100,1028,True,2025-01-29 20:30:05,R_1gZUoEbCqtATbRs,,,,,35.1716,-80.9118,anonymous,EN,63,,,Smart,Smart,Not sure,Smart,Asian woman,Black woman,Asian woman,Asian man,Asian man,White man,Asian man,White man,Black man,White woman,White woman,Asian woman,Black woman,Asian woman,Black woman,,,,,,,,,,,,,,,,,,,Nice,Nice,Not sure,Nice,,,,,,,,,,,,,,,,,Black woman,Black woman,White woman,Asian man,Black man,White man,Black man,White man,Asian woman,White man,Black man,Black man,Black woman,White woman,Black woman,
